번호,제목,작가,원작유형,장르,플랫폼·출판사,상태,판권,서지출처,함께검토
1,당신의 과녁,고태호,웹툰,"드라마, 스릴러, 느와르, 복수",네이버 웹툰 네이버 시리즈,분석 대기,확인 필요,https://namu.wiki/w/%EB%8B%B9%EC%8B%A0%EC%9D%98%20%EA%B3%BC%EB%85%81,
2,목욕의 신,하일권,웹툰,"개그, 병맛",네이버 웹툰 네이버 시리즈,분석 대기,확인 필요,https://namu.wiki/w/%EB%AA%A9%EC%9A%95%EC%9D%98%20%EC%8B%A0,
3,삼봉이발소,하일권,웹툰,"순정, 드라마",네이버 웹툰 네이버 시리즈,분석 대기,확인 필요,https://namu.wiki/w/%EC%82%BC%EB%B4%89%EC%9D%B4%EB%B0%9C%EC%86%8C,
4,죽음에 관하여,스토리: 시니 작화: 혀노,웹툰,드라마,네이버 웹툰 네이버 시리즈,분석 대기,확인 필요,https://namu.wiki/w/%EC%A3%BD%EC%9D%8C%EC%97%90%20%EA%B4%80%ED%95%98%EC%97%AC,
5,순정 히포크라테스,골드키위새,웹툰,"순정, 드라마, 로맨스",카카오웹툰 카카오페이지,분석 대기,확인 필요,https://namu.wiki/w/%EC%88%9C%EC%A0%95%20%ED%9E%88%ED%8F%AC%ED%81%AC%EB%9D%BC%ED%85%8C%EC%8A%A4,
6,아홉수 우리들,수박양,웹툰,로맨스,네이버 웹툰 네이버 시리즈,분석 대기,확인 필요,https://namu.wiki/w/%EC%95%84%ED%99%89%EC%88%98%20%EC%9A%B0%EB%A6%AC%EB%93%A4,
7,유일무이 로맨스,두부,웹툰,"일상, 드라마, 로맨스",네이버 웹툰 네이버 시리즈,분석 대기,확인 필요,https://namu.wiki/w/%EC%9C%A0%EC%9D%BC%EB%AC%B4%EC%9D%B4%20%EB%A1%9C%EB%A7%A8%EC%8A%A4,
8,별이삼샵,혀노,웹툰,"학원, 러브 코미디 성장, 하이틴, 드라마",네이버 웹툰 네이버 시리즈,분석 대기,확인 필요,https://namu.wiki/w/%EB%B3%84%EC%9D%B4%EC%82%BC%EC%83%B5,
9,동트는 로맨스,유월,웹툰,로맨스,네이버 웹툰 네이버 시리즈,분석 대기,확인 필요,https://namu.wiki/w/%EB%8F%99%ED%8A%B8%EB%8A%94%20%EB%A1%9C%EB%A7%A8%EC%8A%A4,
10,밤의 베란다,이제,웹툰,"순정, 드라마",다음 웹툰 카카오페이지,분석 대기,확인 필요,https://namu.wiki/w/%EB%B0%A4%EC%9D%98%20%EB%B2%A0%EB%9E%80%EB%8B%A4,
11,김철수씨 이야기,수사반장,웹툰,"드라마, 시대극, 미스터리, SF",레진코믹스 네이버 시리즈 카카오페이지 봄툰 코미코,분석 대기,확인 필요,https://namu.wiki/w/%EA%B9%80%EC%B2%A0%EC%88%98%EC%94%A8%20%EC%9D%B4%EC%95%BC%EA%B8%B0,
12,노네임드,문지현,웹툰,"SF, 스릴러, 미스터리",네이버 웹툰 네이버 시리즈,분석 대기,확인 필요,https://namu.wiki/w/%EB%85%B8%EB%84%A4%EC%9E%84%EB%93%9C,
13,아이덴티티,스토리: 시니 작화: 수훈,웹툰,미스터리,네이버 웹툰,분석 대기,확인 필요,https://namu.wiki/w/%EC%95%84%EC%9D%B4%EB%8D%B4%ED%8B%B0%ED%8B%B0%28%EC%9B%B9%ED%88%B0%29,
14,인간의 숲,황준호,웹툰,"스릴러, 피카레스크",네이버 웹툰 네이버 시리즈,분석 대기,확인 필요,https://namu.wiki/w/%EC%9D%B8%EA%B0%84%EC%9D%98%20%EC%88%B2,
15,악의는 없다,환쟁이,웹툰,"범죄, 스릴러",네이버 웹툰 네이버 시리즈,분석 대기,확인 필요,https://namu.wiki/w/%EC%95%85%EC%9D%98%EB%8A%94%20%EC%97%86%EB%8B%A4,
16,죽이고 싶은 아이,이꽃님,소설,"범죄, 서스펜스, 인터뷰, 피카레스크, 사회 고발",우리학교,분석 대기,확인 필요,https://namu.wiki/w/%EC%A3%BD%EC%9D%B4%EA%B3%A0%20%EC%8B%B6%EC%9D%80%20%EC%95%84%EC%9D%B4,
17,밝은 밤,최은영,소설,장편소설,문학동네,분석 대기,확인 필요,https://namu.wiki/w/%EC%B5%9C%EC%9D%80%EC%98%81%28%EC%86%8C%EC%84%A4%EA%B0%80%29,
18,지구 끝의 온실,김초엽,소설,SF 장편소설,출판사 추가 확인,분석 대기,확인 필요,https://namu.wiki/w/%EA%B9%80%EC%B4%88%EC%97%BD,
19,미래의 골동품 가게,구아진,웹툰,"스릴러, 한국풍 오컬트, 퇴마",네이버 웹툰 네이버 시리즈,분석 대기,확인 필요,https://namu.wiki/w/%EB%AF%B8%EB%9E%98%EC%9D%98%20%EA%B3%A8%EB%8F%99%ED%92%88%20%EA%B0%80%EA%B2%8C,
20,요리GO,HO9,웹툰,"학원, 요리",네이버 웹툰 네이버 시리즈,분석 대기,확인 필요,https://namu.wiki/w/%EC%9A%94%EB%A6%ACGO,별난식당
21,두근두근두근거려,하일권,웹툰,"로맨스, 학원",네이버 웹툰 네이버 시리즈,분석 대기,확인 필요,https://namu.wiki/w/%EB%91%90%EA%B7%BC%EB%91%90%EA%B7%BC%EB%91%90%EA%B7%BC%EA%B1%B0%EB%A0%A4,
22,고삼이 집나갔다,미티,웹툰,드라마,네이버 웹툰 네이버 시리즈,분석 대기,확인 필요,https://namu.wiki/w/%EA%B3%A0%EC%82%BC%EC%9D%B4%20%EC%A7%91%EB%82%98%EA%B0%94%EB%8B%A4,
23,연놈,상하,웹툰,"일상, 학원, 드라마, 로맨스",네이버 웹툰 네이버 시리즈,분석 대기,확인 필요,https://namu.wiki/w/%EC%97%B0%EB%86%88,
24,랜덤채팅의 그녀!,박은혁,웹툰,"러브 코미디, 드라마, 학원액션, 범죄, 피카레스크, 하렘, 일진",네이버 웹툰 네이버 시리즈,분석 대기,확인 필요,https://namu.wiki/w/%EB%9E%9C%EB%8D%A4%EC%B1%84%ED%8C%85%EC%9D%98%20%EA%B7%B8%EB%85%80%21,
25,청춘계시록,한서,웹툰,"로맨틱 코미디, 학원",네이버 웹툰 네이버 시리즈,분석 대기,확인 필요,https://namu.wiki/w/%EC%B2%AD%EC%B6%98%EA%B3%84%EC%8B%9C%EB%A1%9D,
26,꿈에서 자유로,2L,웹툰,"학원, 드라마, 패러노멀 로맨스, 성장",네이버 웹툰 네이버 시리즈,분석 대기,확인 필요,https://namu.wiki/w/%EA%BF%88%EC%97%90%EC%84%9C%20%EC%9E%90%EC%9C%A0%EB%A1%9C,
27,화산귀환,비가,웹소설,"무협, 환생, 성장",네이버 시리즈,분석 대기,확인 필요,https://namu.wiki/w/%ED%99%94%EC%82%B0%EA%B7%80%ED%99%98,
28,광마회귀,유진성,웹소설,"무협, 회귀",네이버 시리즈,분석 대기,확인 필요,https://namu.wiki/w/%EA%B4%91%EB%A7%88%ED%9A%8C%EA%B7%80,
29,무당기협,은열,웹소설,"무협, 환생",카카오페이지 네이버 시리즈 리디 원스토리 미스터블루 무툰 노벨피아,분석 대기,확인 필요,https://namu.wiki/w/%EB%AC%B4%EB%8B%B9%EA%B8%B0%ED%98%91,
30,로그인 무림,제로빅,웹소설,"퓨전 무협, 헌터, 게임빙의",카카오페이지,분석 대기,확인 필요,https://namu.wiki/w/%EB%A1%9C%EA%B7%B8%EC%9D%B8%20%EB%AC%B4%EB%A6%BC,
31,역대급 영지 설계사,문백경,웹소설,"퓨전 판타지, 영지, 책빙의, 망나니, 개그",네이버웹소설 네이버 시리즈,분석 대기,확인 필요,https://namu.wiki/w/%EC%97%AD%EB%8C%80%EA%B8%89%20%EC%98%81%EC%A7%80%20%EC%84%A4%EA%B3%84%EC%82%AC,
32,마루는 강쥐,모죠,웹툰,"코미디, 일상",네이버 웹툰 네이버 시리즈,분석 대기,확인 필요,https://namu.wiki/w/%EB%A7%88%EB%A3%A8%EB%8A%94%20%EA%B0%95%EC%A5%90,
33,대학원 탈출일지,요다,웹툰,"일상, 블랙 코미디",네이버 웹툰 네이버 시리즈,분석 대기,확인 필요,https://namu.wiki/w/%EB%8C%80%ED%95%99%EC%9B%90%20%ED%83%88%EC%B6%9C%EC%9D%BC%EC%A7%80,
34,여고생 드래곤,땅콩,웹툰,"이세계, 드래곤, 빙의, 개그, 판타지",네이버 웹툰 네이버 시리즈,분석 대기,확인 필요,https://namu.wiki/w/%EC%97%AC%EA%B3%A0%EC%83%9D%20%EB%93%9C%EB%9E%98%EA%B3%A4,
35,마왕까지 한 걸음,윤홍,웹툰,판타지,네이버 웹툰 네이버 시리즈,분석 대기,확인 필요,https://namu.wiki/w/%EB%A7%88%EC%99%95%EA%B9%8C%EC%A7%80%20%ED%95%9C%20%EA%B1%B8%EC%9D%8C,
36,마법스크롤 상인 지오,스토리: 엄재경 작화: 호패,웹툰,"판타지, 액션",네이버 웹툰 네이버 시리즈,분석 대기,확인 필요,https://namu.wiki/w/%EB%A7%88%EB%B2%95%EC%8A%A4%ED%81%AC%EB%A1%A4%20%EC%83%81%EC%9D%B8%20%EC%A7%80%EC%98%A4,
37,테러맨,스토리: 한동우 작화: 고진호,웹툰,"SF, 슈퍼히어로, 현대 판타지, 바이오펑크, 능력자 배틀",네이버 웹툰 네이버 시리즈,분석 대기,확인 필요,https://namu.wiki/w/%ED%85%8C%EB%9F%AC%EB%A7%A8,
38,심연의 하늘,스토리: 윤인완 작화: 김선희,웹툰,"포스트 아포칼립스, 스릴러",네이버 웹툰 네이버 시리즈,분석 대기,확인 필요,https://namu.wiki/w/%EC%8B%AC%EC%97%B0%EC%9D%98%20%ED%95%98%EB%8A%98,
39,신석기녀,스토리: 재아 작화: 한가람,웹툰,"로맨틱 코미디, 배틀, 판타지",네이버 웹툰 네이버 시리즈,분석 대기,확인 필요,https://namu.wiki/w/%EC%8B%A0%EC%84%9D%EA%B8%B0%EB%85%80,
40,선천적 얼간이들,가스파드,웹툰,"판타지, 일상, 개그, 블랙 코미디",네이버 웹툰 네이버 시리즈,분석 대기,확인 필요,https://namu.wiki/w/%EC%84%A0%EC%B2%9C%EC%A0%81%20%EC%96%BC%EA%B0%84%EC%9D%B4%EB%93%A4,
41,호랑이형님,이상규,웹툰,"동양풍 판타지, 액션",네이버 웹툰 네이버 시리즈,분석 대기,확인 필요,https://namu.wiki/w/%ED%98%B8%EB%9E%91%EC%9D%B4%ED%98%95%EB%8B%98,
42,초인의 시대,섭이,웹툰,"판타지, 액션, 슈퍼히어로, 소년",네이버 웹툰 네이버 시리즈,분석 대기,확인 필요,https://namu.wiki/w/%EC%B4%88%EC%9D%B8%EC%9D%98%20%EC%8B%9C%EB%8C%80,
43,조의 영역,조석,웹툰,"스릴러, SF, 포스트 아포칼립스, 호러",네이버 웹툰 네이버 시리즈,분석 대기,확인 필요,https://namu.wiki/w/%EC%A1%B0%EC%9D%98%20%EC%98%81%EC%97%AD,
44,살아남은 로맨스,이연,웹툰,"스릴러, 다크 판타지, 책빙의, 학원, 좀비, 루프",네이버 웹툰 네이버 시리즈,분석 대기,확인 필요,https://namu.wiki/w/%EC%82%B4%EC%95%84%EB%82%A8%EC%9D%80%20%EB%A1%9C%EB%A7%A8%EC%8A%A4,
45,그녀의 심청,스토리: seri 작화: 비완,웹툰,"백합, 미스터리",코미코 카카오페이지 봄툰 네이버 시리즈 리디 레진코믹스 미스터블루 원스토리 애니툰 이만배,분석 대기,확인 필요,https://namu.wiki/w/%EA%B7%B8%EB%85%80%EC%9D%98%20%EC%8B%AC%EC%B2%AD,
46,오민혁 단편선,오민혁,웹툰,"옴니버스, 드라마",네이버 웹툰,분석 대기,확인 필요,https://namu.wiki/w/%EC%98%A4%EB%AF%BC%ED%98%81%20%EB%8B%A8%ED%8E%B8%EC%84%A0,
47,환생동물학교,엘렌 심,웹툰,드라마,네이버 웹툰 네이버 시리즈,분석 대기,확인 필요,https://namu.wiki/w/%ED%99%98%EC%83%9D%EB%8F%99%EB%AC%BC%ED%95%99%EA%B5%90,
48,"어서오세요, 305호에!",와난,웹툰,"일상, 개그, 드라마, 퀴어",네이버 웹툰 네이버 시리즈,분석 대기,확인 필요,https://namu.wiki/w/%EC%96%B4%EC%84%9C%EC%98%A4%EC%84%B8%EC%9A%94%2C%20305%ED%98%B8%EC%97%90%21,
49,나 혼자 만렙 뉴비,메슬로우,웹소설,"현대 판타지, 탑등반, 게임빙의",네이버 시리즈,분석 대기,확인 필요,https://namu.wiki/w/%EB%82%98%20%ED%98%BC%EC%9E%90%20%EB%A7%8C%EB%A0%99%20%EB%89%B4%EB%B9%84,
50,내가 키운 S급들,근서,웹소설,"헌터, 회귀, 남주",문피아 네이버 시리즈 카카오페이지 리디 조아라 교보문고 미스터블루 원스토리 북큐브,분석 대기,확인 필요,https://namu.wiki/w/%EB%82%B4%EA%B0%80%20%ED%82%A4%EC%9A%B4%20S%EA%B8%89%EB%93%A4,
51,백작가의 망나니가 되었다,유려한,웹소설,"퓨전 판타지, 책빙의, 망나니, 착각",문피아 네이버 시리즈 원스토리 리디 카카오페이지 조아라 미스터블루 북큐브,분석 대기,확인 필요,https://namu.wiki/w/%EB%B0%B1%EC%9E%91%EA%B0%80%EC%9D%98%20%EB%A7%9D%EB%82%98%EB%8B%88%EA%B0%80%20%EB%90%98%EC%97%88%EB%8B%A4,
52,SSS급 죽어야 사는 헌터,신노아,웹소설,"탑등반, 루프, 성좌",문피아 네이버 시리즈 리디 카카오페이지 조아라 원스토리 미스터블루 북큐브,분석 대기,확인 필요,https://namu.wiki/w/SSS%EA%B8%89%20%EC%A3%BD%EC%96%B4%EC%95%BC%20%EC%82%AC%EB%8A%94%20%ED%97%8C%ED%84%B0,
53,멸망한 세계의 취사병,마일드커피,웹소설,"아포칼립스, 요리",네이버 시리즈,분석 대기,확인 필요,https://namu.wiki/w/%EB%A9%B8%EB%A7%9D%ED%95%9C%20%EC%84%B8%EA%B3%84%EC%9D%98%20%EC%B7%A8%EC%82%AC%EB%B3%91,
54,낙원의 이론,정선우,웹소설,"로맨스 판타지, 사이버펑크, SF",네이버 시리즈 교보문고 미스터블루 원스토리 카카오페이지,분석 대기,확인 필요,https://namu.wiki/w/%EB%82%99%EC%9B%90%EC%9D%98%20%EC%9D%B4%EB%A1%A0,
55,악녀는 마리오네트,한이림,웹소설,"로맨스 판타지, 회귀, 책빙의",카카오페이지,분석 대기,확인 필요,https://namu.wiki/w/%EC%95%85%EB%85%80%EB%8A%94%20%EB%A7%88%EB%A6%AC%EC%98%A4%EB%84%A4%ED%8A%B8,
56,악역의 엔딩은 죽음뿐,권겨을,웹소설,"로맨스 판타지, 게임빙의, 악녀빙의",카카오페이지 리디 네이버 시리즈,분석 대기,확인 필요,https://namu.wiki/w/%EC%95%85%EC%97%AD%EC%9D%98%20%EC%97%94%EB%94%A9%EC%9D%80%20%EC%A3%BD%EC%9D%8C%EB%BF%90,
57,재혼 황후,알파타르트,웹소설,"궁중 로맨스, 후회, 계약, 재혼",네이버웹소설 네이버 시리즈,분석 대기,확인 필요,https://namu.wiki/w/%EC%9E%AC%ED%98%BC%20%ED%99%A9%ED%9B%84,
58,어느 날 공주가 되어버렸다,플루토스,웹소설,"로맨스 판타지, 책빙의",리디 카카오페이지 네이버 시리즈 교보문고 원스토리,분석 대기,확인 필요,https://namu.wiki/w/%EC%96%B4%EB%8A%90%20%EB%82%A0%20%EA%B3%B5%EC%A3%BC%EA%B0%80%20%EB%90%98%EC%96%B4%EB%B2%84%EB%A0%B8%EB%8B%A4,
59,나의 마녀,스토리: 해윤 작화: MAS,웹툰,"로맨스, 판타지",북큐브 다음 웹툰 네이버 시리즈 카카오페이지 봄툰 미스터블루 원스토리 리디 큐툰 레진코믹스,분석 대기,확인 필요,https://namu.wiki/w/%EB%82%98%EC%9D%98%20%EB%A7%88%EB%85%80,
60,묘진전,젤리빈,웹툰,"판타지 드라마, 민담, 신화",카카오웹툰 카카오페이지,분석 대기,확인 필요,https://namu.wiki/w/%EB%AC%98%EC%A7%84%EC%A0%84,
61,양말도깨비,만물상,웹툰,"드라마, 로맨스, 판타지, 동화, 군상극",다음 웹툰 카카오페이지,분석 대기,확인 필요,https://namu.wiki/w/%EC%96%91%EB%A7%90%EB%8F%84%EA%B9%A8%EB%B9%84,
62,불멸의 날들,허긴개,웹툰,"액션, 미스터리",레진코믹스,분석 대기,확인 필요,https://namu.wiki/w/%EB%B6%88%EB%A9%B8%EC%9D%98%20%EB%82%A0%EB%93%A4,
63,푸른 눈의 책사,골드키위새,웹툰,동양풍 판타지,카카오웹툰 카카오페이지,분석 대기,확인 필요,https://namu.wiki/w/%ED%91%B8%EB%A5%B8%20%EB%88%88%EC%9D%98%20%EC%B1%85%EC%82%AC,
64,퀘스트지상주의,스토리: 유누니 작화: 태완,웹툰,"드라마, 게임 판타지, 학원액션",네이버 웹툰 네이버 시리즈,분석 대기,확인 필요,https://namu.wiki/w/%ED%80%98%EC%8A%A4%ED%8A%B8%EC%A7%80%EC%83%81%EC%A3%BC%EC%9D%98,
65,현실퀘스트,스토리: 이주운 작화: 태성,웹툰,"학원액션, 게임빙의",네이버 웹툰 네이버 시리즈,분석 대기,확인 필요,https://namu.wiki/w/%ED%98%84%EC%8B%A4%ED%80%98%EC%8A%A4%ED%8A%B8,
66,격기3반,스토리: 손 작가 → 이학 작화: 이학,웹툰,"스릴러, 액션, 격투, SF, 철학",코믹 챔프 네이버 웹툰 네이버 시리즈 리디 미스터블루 카카오페이지 원스토리 교보문고,분석 대기,확인 필요,https://namu.wiki/w/%EA%B2%A9%EA%B8%B03%EB%B0%98,
67,죽지 않으려면,스토리: 파래 작화: 임진국,웹툰,"액션, 성장, 느와르",네이버 웹툰 네이버 시리즈,분석 대기,확인 필요,https://namu.wiki/w/%EC%A3%BD%EC%A7%80%20%EC%95%8A%EC%9C%BC%EB%A0%A4%EB%A9%B4,
68,럭키언럭키,가천가,웹툰,판타지 ( 어반 판타지 ),네이버 웹툰 네이버 시리즈,분석 대기,확인 필요,https://namu.wiki/w/%EB%9F%AD%ED%82%A4%EC%96%B8%EB%9F%AD%ED%82%A4,
69,에피소드칵테일,정마루,웹툰,"순정, 드라마",네이버 웹툰,분석 대기,확인 필요,https://namu.wiki/w/%EC%97%90%ED%94%BC%EC%86%8C%EB%93%9C%EC%B9%B5%ED%85%8C%EC%9D%BC,
70,더 게이머,스토리: 성상영 작화: 상아,웹툰,게임 판타지,네이버 웹툰 네이버 시리즈,분석 대기,확인 필요,https://namu.wiki/w/%EB%8D%94%20%EA%B2%8C%EC%9D%B4%EB%A8%B8,
71,숲속의 담,다홍,웹툰,"판타지, 포스트 아포칼립스, 드라마",네이버 웹툰 네이버 시리즈,분석 대기,확인 필요,https://namu.wiki/w/%EC%88%B2%EC%86%8D%EC%9D%98%20%EB%8B%B4,
72,그 판타지 세계에서 사는 법,촌장,웹툰,판타지,네이버 웹툰,분석 대기,확인 필요,https://namu.wiki/w/%EA%B7%B8%20%ED%8C%90%ED%83%80%EC%A7%80%20%EC%84%B8%EA%B3%84%EC%97%90%EC%84%9C%20%EC%82%AC%EB%8A%94%20%EB%B2%95,
73,잔불의 기사,환댕,웹툰,"판타지, 액션, 착각, 기사도",네이버 웹툰 네이버 시리즈,분석 대기,확인 필요,https://namu.wiki/w/%EC%9E%94%EB%B6%88%EC%9D%98%20%EA%B8%B0%EC%82%AC,
74,히어로 킬러,레고밟았어,웹소설,"현대 판타지, 슈퍼히어로",네이버웹소설 네이버 시리즈 카카오페이지,분석 대기,확인 필요,https://namu.wiki/w/%ED%9E%88%EC%96%B4%EB%A1%9C%20%ED%82%AC%EB%9F%AC,
75,버닝 이펙트,박태현,웹툰,"액션, 판타지, 갱스터",카카오웹툰 네이버 웹툰 네이버 시리즈,분석 대기,확인 필요,https://namu.wiki/w/%EB%B2%84%EB%8B%9D%20%EC%9D%B4%ED%8E%99%ED%8A%B8,
76,레사,POGO,웹툰,"다크 판타지, 어반 판타지, 신화, 액션",네이버 웹툰 네이버 시리즈,분석 대기,확인 필요,https://namu.wiki/w/%EB%A0%88%EC%82%AC,
77,개를 낳았다,이선,웹툰,"드라마, 일상, 힐링",네이버 웹툰 네이버 시리즈,분석 대기,확인 필요,https://namu.wiki/w/%EA%B0%9C%EB%A5%BC%20%EB%82%B3%EC%95%98%EB%8B%A4,
78,플랫다이어리,임현,웹툰,"일상, 감성, 드라마",네이버 웹툰 네이버 시리즈,분석 대기,확인 필요,https://namu.wiki/w/%ED%94%8C%EB%9E%AB%EB%8B%A4%EC%9D%B4%EC%96%B4%EB%A6%AC,
79,웰캄투실버라이프,솔녀,웹툰,"일상, 드라마",네이버 웹툰 네이버 시리즈,분석 대기,확인 필요,https://namu.wiki/w/%EC%9B%B0%EC%BA%84%ED%88%AC%EC%8B%A4%EB%B2%84%EB%9D%BC%EC%9D%B4%ED%94%84,
80,평범한 8반,영파카,웹툰,"학원, 드라마, 개그",네이버 웹툰 네이버 시리즈,분석 대기,확인 필요,https://namu.wiki/w/%ED%8F%89%EB%B2%94%ED%95%9C%208%EB%B0%98,
81,악당의 아빠를 꼬셔라,달슬,웹소설,"로맨스 판타지, 책빙의",카카오페이지,분석 대기,확인 필요,https://namu.wiki/w/%EC%95%85%EB%8B%B9%EC%9D%98%20%EC%95%84%EB%B9%A0%EB%A5%BC%20%EA%BC%AC%EC%85%94%EB%9D%BC,
82,이번 생은 가주가 되겠습니다,김로아,웹소설,"로맨스 판타지, 환생, 회귀, 아기",카카오페이지,분석 대기,확인 필요,https://namu.wiki/w/%EC%9D%B4%EB%B2%88%20%EC%83%9D%EC%9D%80%20%EA%B0%80%EC%A3%BC%EA%B0%80%20%EB%90%98%EA%B2%A0%EC%8A%B5%EB%8B%88%EB%8B%A4,
83,어느 날 내가 죽었습니다,이경혜,소설,성장,바람의아이들,분석 대기,확인 필요,https://namu.wiki/w/%EC%96%B4%EB%8A%90%20%EB%82%A0%20%EB%82%B4%EA%B0%80%20%EC%A3%BD%EC%97%88%EC%8A%B5%EB%8B%88%EB%8B%A4,
84,황제와 여기사,안경원숭이,웹소설,로맨스 판타지,카카오페이지 네이버 시리즈,분석 대기,확인 필요,https://namu.wiki/w/%ED%99%A9%EC%A0%9C%EC%99%80%20%EC%97%AC%EA%B8%B0%EC%82%AC,
85,애늙은이,환댕,웹툰,"판타지, 액션",네이버 웹툰 네이버 시리즈,분석 대기,확인 필요,https://namu.wiki/w/%EC%95%A0%EB%8A%99%EC%9D%80%EC%9D%B4%28%EC%9B%B9%ED%88%B0%29,
86,섭주,박해로,소설,공포 장편소설,출판사 추가 확인,분석 대기,확인 필요,https://namu.wiki/w/%EB%B0%95%ED%95%B4%EB%A1%9C,
87,룬의 아이들,전민희,소설,서양 판타지,카카오페이지 네이버 시리즈,분석 대기,확인 필요,https://namu.wiki/w/%EB%A3%AC%EC%9D%98%20%EC%95%84%EC%9D%B4%EB%93%A4,
88,피를 마시는 새,이영도,소설,"판타지, 군상극, 대하소설",하이텔 카카오페이지 네이버 시리즈 브릿G,분석 대기,확인 필요,https://namu.wiki/w/%ED%94%BC%EB%A5%BC%20%EB%A7%88%EC%8B%9C%EB%8A%94%20%EC%83%88,
89,파견자들,김초엽,소설,SF,퍼블리온,분석 대기,확인 필요,https://namu.wiki/w/%ED%8C%8C%EA%B2%AC%EC%9E%90%EB%93%A4,
90,쇼코의 미소,최은영,소설,소설집,문학동네,분석 대기,확인 필요,https://namu.wiki/w/%EC%B5%9C%EC%9D%80%EC%98%81%28%EC%86%8C%EC%84%A4%EA%B0%80%29,
91,내게 무해한 사람,최은영,소설,소설집,문학동네,분석 대기,확인 필요,https://namu.wiki/w/%EC%B5%9C%EC%9D%80%EC%98%81%28%EC%86%8C%EC%84%A4%EA%B0%80%29,
92,애쓰지 않아도,최은영,소설,짧은 소설집,마음산책,분석 대기,확인 필요,https://namu.wiki/w/%EC%B5%9C%EC%9D%80%EC%98%81%28%EC%86%8C%EC%84%A4%EA%B0%80%29,
93,아주 희미한 빛으로도,최은영,소설,소설집,문학동네,분석 대기,확인 필요,https://namu.wiki/w/%EC%B5%9C%EC%9D%80%EC%98%81%28%EC%86%8C%EC%84%A4%EA%B0%80%29,
94,우리가 빛의 속도로 갈 수 없다면,김초엽,소설,SF 소설집,출판사 추가 확인,분석 대기,확인 필요,https://namu.wiki/w/%EA%B9%80%EC%B4%88%EC%97%BD,
95,방금 떠나온 세계,김초엽,소설,SF 소설집,출판사 추가 확인,분석 대기,확인 필요,https://namu.wiki/w/%EA%B9%80%EC%B4%88%EC%97%BD,
96,행성어 서점,김초엽,소설,SF 소설집,출판사 추가 확인,분석 대기,확인 필요,https://namu.wiki/w/%EA%B9%80%EC%B4%88%EC%97%BD,
97,므레모사,김초엽,소설,SF 중편소설,출판사 추가 확인,분석 대기,확인 필요,https://namu.wiki/w/%EA%B9%80%EC%B4%88%EC%97%BD,
98,양면의 조개껍데기,김초엽,소설,SF 소설집,출판사 추가 확인,분석 대기,확인 필요,https://namu.wiki/w/%EA%B9%80%EC%B4%88%EC%97%BD,
99,해파리 만개,김초엽,소설,SF 소설집,출판사 추가 확인,분석 대기,확인 필요,https://namu.wiki/w/%EA%B9%80%EC%B4%88%EC%97%BD,
100,올빼미 눈의 여자,박해로,소설,공포 장편소설,출판사 추가 확인,분석 대기,확인 필요,https://namu.wiki/w/%EB%B0%95%ED%95%B4%EB%A1%9C,
